<?xml version="1.0" encoding="UTF-8" ?>
<!DOCTYPE mapper PUBLIC "-//mybatis.org//DTD Mapper 3.0//EN"
"http://mybatis.org/dtd/mybatis-3-mapper.dtd">

<mapper namespace="Reservation">

	<select id="sales_count" resultType="int">
		select count(*) FROM Reservation
	</select>
	
	<select id="sales_price" resultType="int">
		select p_price from reservation
	</select>
	
	<select id="year_search_count" resultType="int">
		select count(*) FROM Reservation where To_char(p_date,'YYYY') = #{selected_year}
	</select>
	
	<select id="year_search_price" resultType="int">	
		select p_price from reservation where To_char(p_date,'YYYY') = #{selected_year}
	</select>
	
	<select id="month_search_price" parameterType="Reservation" resultType="int">
		select p_price from Reservation where To_char(p_date,'YYYYMM') = #{yearmonth}
	</select>
	
	<select id="month_search_count" parameterType="Reservation" resultType="int">
		select count(*) FROM Reservation where To_char(p_date,'YYYYMM') = #{yearmonth}
	</select>
	
	<select id="day_search_list" resultType="int">
		select p_price from Reservation where To_char(p_date,'YYYY-MM-dd') = #{selected_day}
	</select>
	
	<select id="day_search_count" resultType="int">
		select count(*) FROM Reservation where To_char(p_date,'YYYY-MM-dd') = #{selected_day}
	</select>
	
	<select id="report_list" resultType="MovieReviewReport">
		select 	rw.rw_num rw_num,
				rw.u_num u_num,
				rw.rw_content rw_content,
				rw.m_num m_num,
		      	rw.rp_count rp_count,
		       	rp.rp_title rp_title,
		       	rp.rp_content rp_content, 
		       	rp.rp_u_num rp_u_num,
		       	usr1.u_name rp_u_name, 
		       	usr3.u_name rw_u_name,
		       	mv.m_title m_title,
		       	usr3.g_num g_num,
		       	usr1.g_num rp_g_num
		from review rw, report rp , users usr1, users usr3, movie mv
		where (rw.rw_num = rp.rw_num) 
		AND (rp.RP_U_NUM = usr1.u_num)
		AND (rw.u_num = usr3.u_num)
		AND (rw.m_num = mv.m_num)
		AND (rw.rp_count > 9)
		order by rw.rw_num
	</select>
	
	<select id="user_rw_impormation_list" resultType="Review">
		select 	usr.u_name u_name, 
				rv.rw_num rw_num, 
				rv.rw_content rw_content, 
				rv.rp_count rp_count
		from review rv, users usr 
		where 	(usr.u_num=rv.u_num)
		AND		(rv.u_num=#{u_num})
	</select>
	
	<update id="ben">
		update users set g_num = 9 where u_num = #{u_num}
	</update>
	
	<update id="return_ben">
		update users set g_num = 1 where u_num = #{u_num}
	</update>
	
	<select id="user_rp_impormation_list" resultType="Report">
		select	usr.u_name u_name,
        		rp.rp_title rp_title,
        		rp.rp_content rp_content		
		from 	report rp, users usr
		where	(usr.u_num=rp.RP_U_NUM)
		AND		(rp.RP_U_NUM=#{u_num})
	</select>
	
	<select id="admin_search_list_rw_user" resultType="MovieReviewReport" parameterType="java.lang.String">
		select 	rw.rw_num rw_num,
				rw.u_num u_num,
				rw.rw_content rw_content,
				rw.m_num m_num,
		      	rw.rp_count rp_count,
		       	rp.rp_title rp_title,
		       	rp.rp_content rp_content, 
		       	rp.rp_u_num rp_u_num,
		       	usr1.u_name rp_u_name, 
		       	usr3.u_name rw_u_name,
		       	mv.m_title m_title,
		       	usr3.g_num g_num,
		       	usr1.g_num rp_g_num
		from review rw, report rp , users usr1, users usr3, movie mv
		where (rw.rw_num = rp.rw_num) 
		AND (rp.RP_U_NUM = usr1.u_num)
		AND (rw.u_num = usr3.u_num)
		AND (rw.m_num = mv.m_num)
		AND (rw.rp_count > 9)
		AND (usr3.u_name like '%'||#{admin_search_content}||'%')
		order by rw.rw_num
	</select>
	
	<select id="admin_search_list_rw_num" resultType="MovieReviewReport" parameterType="String">
		select 	rw.rw_num rw_num,
				rw.u_num u_num,
				rw.rw_content rw_content,
				rw.m_num m_num,
		      	rw.rp_count rp_count,
		       	rp.rp_title rp_title,
		       	rp.rp_content rp_content, 
		       	rp.rp_u_num rp_u_num,
		       	usr1.u_name rp_u_name, 
		       	usr3.u_name rw_u_name,
		       	mv.m_title m_title,
		       	usr3.g_num g_num,
		       	usr1.g_num rp_g_num
		from review rw, report rp , users usr1, users usr3, movie mv
		where (rw.rw_num = rp.rw_num) 
		AND (rp.RP_U_NUM = usr1.u_num)
		AND (rw.u_num = usr3.u_num)
		AND (rw.m_num = mv.m_num)
		AND (rw.rp_count > 9)
		AND (rw.rw_num like '%'||#{admin_search_content}||'%')
		order by rw.rw_num
	</select>
	
	<select id="admin_search_list_m_title" resultType="MovieReviewReport" parameterType="String">
		select 	rw.rw_num rw_num,
				rw.u_num u_num,
				rw.rw_content rw_content,
				rw.m_num m_num,
		      	rw.rp_count rp_count,
		       	rp.rp_title rp_title,
		       	rp.rp_content rp_content, 
		       	rp.rp_u_num rp_u_num,
		       	usr1.u_name rp_u_name, 
		       	usr3.u_name rw_u_name,
		       	mv.m_title m_title,
		       	usr3.g_num g_num,
		       	usr1.g_num rp_g_num
		from review rw, report rp , users usr1, users usr3, movie mv
		where (rw.rw_num = rp.rw_num) 
		AND (rp.RP_U_NUM = usr1.u_num)
		AND (rw.u_num = usr3.u_num)
		AND (rw.m_num = mv.m_num)
		AND (rw.rp_count > 9)
		AND (mv.m_title like '%'||#{admin_search_content}||'%')
		order by rw.rw_num
	</select>
	
	<select id="admin_search_list_rp_user" resultType="MovieReviewReport" parameterType="String">
		select 	rw.rw_num rw_num,
				rw.u_num u_num,
				rw.rw_content rw_content,
				rw.m_num m_num,
		      	rw.rp_count rp_count,
		       	rp.rp_title rp_title,
		       	rp.rp_content rp_content, 
		       	rp.rp_u_num rp_u_num,
		       	usr1.u_name rp_u_name, 
		       	usr3.u_name rw_u_name,
		       	mv.m_title m_title,
		       	usr3.g_num g_num,
		       	usr1.g_num rp_g_num
		from review rw, report rp , users usr1, users usr3, movie mv
		where (rw.rw_num = rp.rw_num) 
		AND (rp.RP_U_NUM = usr1.u_num)
		AND (rw.u_num = usr3.u_num)
		AND (rw.m_num = mv.m_num)
		AND (rw.rp_count > 9)
		AND (usr1.u_name like '%'||#{admin_search_content}||'%')
		order by rw.rw_num
	</select>
	
	<select id="admin_users_list" resultType="AdminUserMovieReservation">
		select	usr.u_num,
				usr.g_num,
				usr.u_name,
				usr.u_id,
				usr.u_email,
				usr.u_phone,
				usr.u_birth,
				usr.u_mile
		from 	Users usr
		order 	by u_num
	</select>
	
	<select id="admin_movie_list" resultType="AdminUserMovieReservation">
		select 	sc.S_THEATER,
				mv.m_num,
				mv.m_title,
				scmv.s_start,
				scmv.s_end,
				sc.sc_num
		from	movie mv, screen_movie scmv, screen sc
		where	(mv.m_num 		= scmv.m_num)
		AND		(scmv.sc_num 	= sc.sc_num)
		AND		(scmv.s_end		> sysdate-1)
		order by s_end desc
	</select>
	
	<select id="admin_mvrs_count" resultType="int">
		select	count(*)
		from 	reservation
		where	m_num = #{m_num}
	</select>
	
	<update id="admin_movie_close">
		update 	screen_movie 
		set 	s_end = sysdate 
		where 	m_num = #{m_num}
	</update>
	
	<insert id="admin_insert_movie" parameterType="AdminUserMovieReservation">
		insert into movie (m_num, m_title, m_synop, m_age, m_trailer, m_stdate)
		values		(m_seq.nextval, #{m_title}, #{m_synop}, #{m_age}, #{m_trailer}, #{m_stdate})
	</insert>
	
	<insert id="admin_insert_sm" parameterType="AdminUserMovieReservation">
		insert into screen_movie (m_num, sc_num, s_start, s_end)
		values		((select max(m_num) from movie), #{sc_num}, #{s_start}, #{s_end})
	</insert>
	
	<insert id="admin_genre_insert" parameterType="AdminUserMovieReservation">
		insert into movie_comm_genre (m_num, bigcate, midcate)
		values		((select max(m_num) from movie), #{bigcate}, #{midcate})
	</insert>
	
	<insert id="admin_m_img_insert" parameterType="AdminUserMovieReservation">
		insert into movie_comm_img (m_num, bigcate, midcate)
		values		((select max(m_num) from movie), #{bigcate}, (select max(m_num) from movie))
	</insert>
	
	<insert id="admin_m_img_insert2" parameterType="AdminUserMovieReservation">
		insert into common (bigcate, midcate, content)
		values		(#{bigcate}, (select max(m_num) from movie), #{content})
	</insert>
	
	<insert id="admin_common_insert" parameterType="AdminUserMovieReservation">
		insert into common (bigcate, midcate, content)
		values		(#{bigcate}, ((select max(midcate) from common where bigcate=30)+1), #{content})
	</insert>
	
	<insert id="admin_stillcut_insert" parameterType="AdminUserMovieReservation">
		insert into movie_comm_stillcut (m_num, bigcate, midcate)
		values		((select max(m_num) from movie), #{bigcate}, (select max(midcate) from common where bigcate=30))
	</insert>
	
	<select id="admin_movie_update_select" parameterType="AdminUserMovieReservation" resultType="AdminUserMovieReservation">
		select 	mv.M_TITLE,
       			mv.M_AGE,
        		mv.M_STDATE,
        		mv.M_SYNOP,
        		mv.M_TRAILER,
        		scmv.S_START,
        		scmv.S_END,
        		sc.S_THEATER,
        		cm.CONTENT
		from	movie mv, screen_movie scmv, screen sc, movie_comm_img mci , common cm
		where	(mv.m_num = #{m_num})
		AND     (sc.SC_NUM = #{sc_num})
		AND     (mv.m_num = scmv.m_num)
		AND		(scmv.sc_num = sc.sc_num)
		AND		(mv.m_num = mci.m_num)
		AND		(mci.bigcate = cm.bigcate)
		AND		(mci.midcate = cm.midcate)
	</select>
	
	<select id="admin_movie_update" parameterType="AdminUserMovieReservation" statementType="CALLABLE">
		{call PROC_ADMIN_UPDATE(
			 #{sc_num		,mode=IN,	jdbcType=INTEGER}
			,#{m_num		,mode=IN,	jdbcType=INTEGER}
			,#{m_title		,mode=IN,	jdbcType=VARCHAR}
			,#{content		,mode=IN,	jdbcType=VARCHAR}
			,#{m_synop		,mode=IN,	jdbcType=VARCHAR}
			,#{m_age		,mode=IN,	jdbcType=INTEGER}
			,#{m_trailer	,mode=IN,	jdbcType=VARCHAR}
			,#{m_stdate		,mode=IN,	jdbcType=DATE}
			,#{s_start		,mode=IN,	jdbcType=DATE}
			,#{s_end		,mode=IN,	jdbcType=DATE})
		}
	</select>
	
	<update id="admin_genre_update" parameterType="AdminUserMovieReservation" statementType="CALLABLE">
		{call ADMIN_GENRE(
			 #{m_num		,mode=IN,	jdbcType=INTEGER}
			,#{midcate		,mode=IN,	jdbcType=INTEGER}
		)}
	</update>
	
	<select id="lookup_stillcut" parameterType="AdminUserMovieReservation" resultType="int">
		select midcate from movie_comm_stillcut where m_num=#{m_num}
	</select>
	
	<delete id="admin_stillcut_delete" parameterType="int">
		{call ADMIN_DELETE(
			#{midcate	,mode=IN,	jdbcType=INTEGER}		
		)}
	</delete>
	
	<update id="admin_stillcut_update" parameterType="AdminUserMovieReservation" statementType="CALLABLE">
		{call ADMIN_STILLCUT(
			 #{m_num		,mode=IN,	jdbcType=INTEGER}
			,#{content		,mode=IN,	jdbcType=VARCHAR}
		)}
	</update>
	
</mapper>

