<?xml version="1.0" encoding="UTF-8"?>
<!DOCTYPE configuration PUBLIC "-//mybatis.org//DTD Config 3.0//EN" "http://mybatis.org/dtd/mybatis-3-config.dtd">

 <configuration>
 	<typeAliases>
 		<typeAlias alias="Movie" type="oracle.java.s20200503.model.Movie"/>
 		<typeAlias alias="Review" type="oracle.java.s20200503.model.Review"/>
 		<typeAlias alias="Reservation" type="oracle.java.s20200503.model.Reservation"/>
		<typeAlias alias="MovieReviewReport" type="oracle.java.s20200503.model.MovieReviewReport"/>
 		<typeAlias alias="Users" type="oracle.java.s20200503.model.Users" />
 		<typeAlias alias="Report" type="oracle.java.s20200503.model.Report" />
 		<typeAlias alias="Reservation" type="oracle.java.s20200503.model.Reservation"/>
 		<typeAlias alias="ScreenMovie" type="oracle.java.s20200503.model.ScreenMovie"/>
 		<typeAlias alias="AdminUserMovieReservation" type="oracle.java.s20200503.model.AdminUserMovieReservation"/>
 	</typeAliases>
 	<mappers>
 		<mapper resource="s20200503db/Movie.xml"/>
 		<mapper resource="s20200503db/Review.xml"/>
 		<mapper resource="s20200503db/Admin.xml"/> 
 		<mapper resource="s20200503db/Users.xml" />
 		<mapper resource="s20200503db/Report.xml"/>
 		<mapper resource="s20200503db/Reservation.xml"/>
 		<mapper resource="s20200503db/ScreenMovie.xml"/>
 	</mappers>
 </configuration>