<?xml version="1.0" encoding="UTF-8"?>
<!DOCTYPE mapper PUBLIC "-//mybatis.org//DTD Mapper 3.0//EN"
 "http://mybatis.org/dtd/mybatis-3-mapper.dtd"> 
<mapper namespace="Movie">

	<resultMap type="Movie" id="MovieResult">
 		<result property="m_num" column="m_num"/>
 		<result property="m_title" column="m_title"/>
 		<result property="g_num" column="g_num"/>
 		<result property="m_actor" column="m_actor"/>
 		<result property="m_synop" column="m_synop"/>
 		<result property="m_age" column="m_age"/>
 		<result property="m_trailer" column="m_trailer"/>
 		<result property="m_stDate" column="m_stDate"/>
 		
 	</resultMap>

	<select id = "movieTopList" parameterType="Movie" resultMap="MovieResult" >

		<![CDATA[
			select c.content, m.m_title, m.m_age, m.m_stdate, m.m_num from common c, movie_comm_img mci, movie m
			where c.bigcate = mci.bigcate
			and c.midcate = mci.midcate
			and mci.m_num = m.m_num
			and m_stdate <(
			    select sysdate from dual
			)
			and m_stdate > (select sysdate-10 from dual)
		]]>
	</select>
	
	<select id = "carousel" resultMap="MovieResult">
		<![CDATA[
			SELECT m.M_NUM, m.M_TITLE, c.content 
			FROM common c, movie m, movie_comm_carousel mcc
			WHERE c.BIGCATE = mcc.BIGCATE
			AND c.MIDCATE = mcc.MIDCATE
			AND mcc.m_num = m.m_num
			AND c.BIGCATE = 40
			and m_stdate > (select sysdate-10 from dual)
		]]>
	</select>
	
	<select id = "getM_synop" parameterType="int" resultType="String">
		select m_synop from movie where m_num = #{m_num}
	</select>
	
	<select id = "getM_img" parameterType="int" resultType="String">
		select c.content from common c, movie_comm_img mci, movie m
		where c.bigcate = mci.bigcate
		and c.midcate = mci.midcate
		and mci.m_num = m.m_num
		and m.m_num = #{m_num}
	</select>
	
	<select id="MovieList" parameterType="Movie" resultMap="MovieResult">
 		<![CDATA[
	 		SELECT m.M_NUM, m.M_TITLE, m.M_SYNOP, m.M_AGE, m.M_TRAILER, m.M_STDATE, 
			c.content FROM common c, movie m, MOVIE_COMM_IMG mci
			WHERE c.BIGCATE = mci.BIGCATE
			AND c.MIDCATE = mci.MIDCATE
			AND mci.m_num = m.m_num
			AND c.BIGCATE = 20 
			AND m.m_stdate < (select sysdate + 30 from dual)
			AND m.m_stdate > (select sysdate - 30 from dual)
		]]>
 	</select>
 	
 	<select id = "movieSearch" parameterType="String" resultType="Movie">
 		select m.m_num, m.m_title, m.m_synop, m.m_age, m.m_trailer, m.m_stdate, c.content
		from common c, movie m, movie_comm_img mci
		where c.bigcate = mci.bigcate
		and c.midcate = mci.midcate
		and mci.m_num = m.m_num
		and c.bigcate = 20
		and m_title like '%'||#{m_title}||'%'
 	</select>
 	
 	<select id="trailer" parameterType="int" resultType="Movie">
		SELECT m_trailer from movie where m_num = #{m_num}
	</select>
	
	<select id="detail" parameterType="int" resultType="Movie">
		SELECT m.M_NUM, m.M_TITLE, m.M_SYNOP, m.M_AGE, m.M_TRAILER, m.M_STDATE, c.content 
 		FROM common c, MOVIE_COMM_IMG mci, movie m
		WHERE c.BIGCATE = mci.BIGCATE
		AND c.MIDCATE = mci.MIDCATE
		AND mci.m_num = m.m_num
		AND m.m_num = #{m.m_num}
	</select>
	
	<select id = "synop" parameterType="int" resultType="java.lang.String">
		SELECT m_synop FROM movie WHERE m_num=#{m_num}
	</select>
	
	<select id = "poster" parameterType="int" resultType="java.lang.String">
		SELECT  c.content 
 		FROM common c, MOVIE_COMM_STILLCUT mcs, movie m
		WHERE c.BIGCATE = mcs.BIGCATE
		AND c.MIDCATE = mcs.MIDCATE
		AND mcs.m_num = m.m_num
		AND m.m_num = #{m_num}
	</select>
	
	<!-- <select id = "bmCheck" parameterType="Movie">
		select count(*) from bookmark where m_num = #{m_num} and u_num = #{u_num}
	</select> -->
	
	<select id = "bmCheck" parameterType="java.util.HashMap" resultType="int">
		select count(*) from bookmark where m_num = #{m_num} and u_num = #{u_num}
	</select>
	
	<insert id = "bmUpdate" parameterType="java.util.HashMap">
		insert into bookmark values(#{u_num}, #{m_num})
	</insert>
	
	<delete id = "bmDelete" parameterType="java.util.HashMap">
		delete from bookmark where u_num = #{u_num} and m_num = #{m_num}
	</delete>
	
	<select id = "bm" parameterType="int" resultType="int">
		select m_num from bookmark where u_num = #{u_num}
	</select>
	
	<select id="mList" parameterType="int" resultType="Movie">
		SELECT m.M_NUM, m.M_TITLE, m.M_SYNOP, m.M_AGE, m.M_TRAILER, m.M_STDATE, c.content 
 		FROM common c, MOVIE_COMM_IMG mci, movie m
		WHERE c.BIGCATE = mci.BIGCATE
		AND c.MIDCATE = mci.MIDCATE
		AND mci.m_num = m.m_num
		AND m.m_num = #{m.m_num}
	</select>
</mapper>


