<?xml version="1.0" encoding="UTF-8"?>
<!DOCTYPE mapper PUBLIC "-//mybatis.org//DTD Mapper 3.0//EN"
 "http://mybatis.org/dtd/mybatis-3-mapper.dtd">


<mapper namespace="Reservation">
	
	<select id="resMovie" parameterType="Reservation" resultType="Reservation">
		select  * from movie
	</select> 
	
	 <select id="resScreen" parameterType="int" resultType="Reservation">	
	 	select distinct screen_movie.m_num, screen_movie.sc_num, movie.m_title, screen.s_theater, screen.sc_num from movie	
		left join screen_movie on movie.m_num = screen_movie.m_num
		left join screen on screen_movie.sc_num = screen.sc_num
		where movie.m_num = #{m_num}
	</select> 

	<select id = "movScreen" parameterType="int" resultType="Reservation">
		select s.s_theater, sm.sc_num, m.m_num from screen s, screen_movie sm, movie m
		where s.sc_num = sm.sc_num
		and m.m_num = sm.m_num
		and m.m_num = #{m_num}
	</select>
	
	<select id="resDay" parameterType="Reservation" resultType="Reservation">
		select sm.s_start, sm.s_end, sm.m_num, sm.sc_num, m.m_num, s.s_theater, s.sc_num
		from screen s, screen_movie sm, movie m
		where s.sc_num = sm.sc_num
		and m.m_num = sm.m_num
		and m.m_num = #{m_num}
        and s.sc_num = #{sc_num}
	</select>
	
	<select id="resCalender" parameterType="int" resultType="Reservation">
		select s.s_theater, sm.sc_num, m.m_num from screen s, screen_movie sm, movie m
		where s.sc_num = sm.sc_num
		and m.m_num = sm.m_num
		and m.m_num = #{m_num} and screen.sc_num = #{sc_num}
	</select>

	<select id = "getCalender" parameterType="java.util.HashMap" resultType="Reservation">
		select sm.s_start, sm.s_end, m.m_num, s.s_theater
		from screen s, screen_movie sm, movie m
		where s.sc_num = sm.sc_num
		and m.m_num = sm.m_num
		and m.m_num = #{m_num}
		and sm.sc_num = #{sc_num}
	</select>
	
	<select id = "searchTime" parameterType="java.util.HashMap" resultType="Reservation">
		select mt.mt_stime, mt.mt_etime, mt.mt_num from movieTime mt, screen_movie sc
		where mt.m_num = sc.m_num
		and mt.sc_num = sc.sc_num
		and sc.m_num = #{m_num}
		and sc.sc_num = #{sc_num}
	</select>
	
	<insert id = "reservationInsert" parameterType="java.util.HashMap">
		insert into reservation(r_num, u_num, r_movdate, mt_num, m_num, sc_num)
		values(r_seq.nextval, #{u_num}, #{r_movDate}, #{mt_num}, #{m_num}, #{sc_num})
	</insert>
	
	<select id = "seatCol" parameterType = "String" resultType="java.util.Map">
		select s_col, s_row from seat
		where sc_num = #{sc_num }
	</select>
	
	<select id="getTime" parameterType="java.util.HashMap" resultType="Reservation">
		select * from movietime mt where mt.m_num = #{m_num} and mt.sc_num = #{sc_num}
	</select>
	
	<select id="seatSelect" parameterType="java.util.HashMap" resultType="Reservation">
		select s_num, s_col, s_row, s_price from seat where sc_num = #{sc_num}
	</select>
	
	<insert id="resInsert" parameterType="java.util.HashMap"> 
		insert into reservation(r_num, u_num, r_movdate, r_respeople, p_num, p_price, p_date, mt_num, m_num, sc_num) 
		values (r_seq.nextval, #{u_num}, #{r_movDate}, #{r_respeople}, p_seq.nextval, #{p_price1}, sysdate, #{mt_num}, #{m_num}, #{sc_num})
	</insert>
	
	<select id= "res_r_num" parameterType="java.util.HashMap" resultType="String">
		select r_num from 
		    (select * from reservation order by r_num desc)
		where rownum = 1
	</select>
	
	<insert id="bsInsert" parameterType="java.util.HashMap">
		insert into BOOKED_SEAT(r_num,s_num,sc_num) values(r_seq.currval,#{s_num},#{sc_num})
	</insert>

	<select id = "bookedSeat" parameterType="String" resultType="Reservation">
		select s_num from RESERVATION r left join booked_seat bs on r.R_NUM = bs.R_NUM 
		where r.M_NUM = #{m_num} and r.SC_NUM = #{sc_num} and r.r_movdate = #{r_movDate} and r.mt_num = #{mt_num}
	</select>
	
	<!-- <select id = "bookedSeat1" parameterType="String" resultType="Reservation">
		select s_num from booked_seat
		where sc_num = #{sc_num}
	</select> -->
	
	<select id = "totalPrice" resultType="int">
		select s_price from seat where s_num = #{s_num}
	</select>

	<select id="resList" parameterType="String" resultType="Reservation">
		select r_num, p_num, r_movdate, u_num, r_respeople, p_price from reservation where r_num = #{r_num}
	</select>
</mapper>