<?xml version="1.0" encoding="UTF-8"?>
<!DOCTYPE mapper PUBLIC "-//mybatis.org//DTD Mapper 3.0//EN" "http://mybatis.org/dtd/mybatis-3-mapper.dtd"> 
<mapper namespace="Review">

	<resultMap type="Review" id="ReviewResult">
 		<result property="rw_num" column="rw_num"/>
 		<result property="rp_unum" column="rp_unum"/>
 		<result property="rw_time" column="rw_time"/>
 		<result property="rw_content" column="rw_content"/>
 		<result property="rw_starPoint" column="rw_starPoint"/>
 		<result property="m_num" column="m_num"/>
 		<result property="rp_count" column="rp_count"/>
 	</resultMap>
	
	<insert id = "report" parameterType="java.util.HashMap">
		insert into report values(#{rw_num}, #{u_num}, #{rp_title}, #{rp_content})
	</insert>
	
	<select id = "rpCheck" parameterType="java.util.HashMap" resultType="Integer">
		select count(*) from report
		where rp_u_num = #{u_num}
		and rw_num = #{rw_num}
	</select>
	
	<select id="total" resultType="int">
      select count(*) FROM review where m_num=#{m_num}
    </select>
    
    <!-- 리뷰 목록 -->
	<select id="listAll" parameterType="Review" resultType="Review">
		select * from (select rownum r, rwu.* from
		(select * from review rw join users u on rw.u_num = u.u_num where m_num =#{m_num} order by rw_time desc ) rwu)
		 where r between #{start} and #{end}
	</select>
	
	<!-- 리뷰 등록 -->
	<insert id="rsInsert" parameterType="Review">
		 insert into review 
		 values (rw_seq.nextval,#{u_num},#{rw_content}, #{rw_starPoint}, #{m_num},0, sysdate ) 
	</insert>
	
	<!-- 리뷰 수정 -->
	<update id="rwUpdate" parameterType="java.util.HashMap">
    	update review set rw_content = #{rwc } where rw_num=#{rwn }
    </update>
    
    <!-- 리뷰 삭제 -->
    <delete id="rwDelete" parameterType="int">
    	delete from review where rw_num=#{rw_num}
    </delete>
    
    <!-- 리뷰 1회만 등록 -->
    <select id="rwOneSelect" parameterType="Review" resultType="int">
    	select count(*) from review
		where u_num = #{u_num}
		and m_num = #{m_num}
    </select>
	
</mapper>


