<?xml version="1.0" encoding="UTF-8" ?>
<!DOCTYPE mapper PUBLIC "-//mybatis.org//DTD Mapper 3.0//EN"
"http://mybatis.org/dtd/mybatis-3-mapper.dtd">

<mapper namespace="Users">

	<insert id="usersJoin" parameterType="Users">
		insert into Users values (U_SEQ.NEXTVAL, 1, #{u_name}, #{u_id}, #{u_passwd}, #{u_email}, #{u_phone}, #{u_birth}, 1, 0, #{u_address_postcode}, #{u_address_roadAddress}, #{u_address_jibunAddress}, #{u_address_detailAddress}, #{u_address_extraAddress})
	</insert>
	
	<select id="usersSelect" parameterType="Users" resultType="Users">
		select * from users where u_id=#{u_id} and u_passwd=#{u_passwd} 
	</select>
	
	<select id="confirmId" parameterType="String" resultType="int">
		select count(*) from users where u_id=#{u_id}
	</select>
	
	<select id="userInfo" parameterType="int" resultType="USers">
		select * from users where u_num = #{u_num}
	</select>
	
	<update id="userUpdate">
		update users set u_passwd = #{u_passwd}, u_phone = #{u_phone}, u_birth = #{u_birth}, u_address_postcode = #{u_address_postcode}, u_address_roadAddress = #{u_address_roadAddress}, u_address_jibunAddress = #{u_address_jibunAddress}, u_address_detailAddress = #{u_address_detailAddress}, u_address_extraAddress = #{u_address_extraAddress} where u_id = #{u_id}
	</update>
	
	<select id="userReservation" parameterType="String" resultType="Reservation">
		select to_char(r_movDate, 'YY/MM/DD') r_movDateU, to_char(p_date, 'YY/MM/DD HH:MI') p_dateU, sc_num, r.m_num, m_title, r_respeople, p_price from reservation r inner join (select u_num, u_id from users) u on r.u_num = u.u_num inner join movie m on r.m_num = m.m_num where u_id = #{u_id}            
	</select>


</mapper>
