<?xml version="1.0" encoding="UTF-8"?>
<beans xmlns:xsi="http://www.w3.org/2001/XMLSchema-instance"
   xmlns:context="http://www.springframework.org/schema/context"
   xmlns="http://www.springframework.org/schema/beans"
   xmlns:tx="http://www.springframework.org/schema/tx"
   xmlns:aop="http://www.springframework.org/schema/aop"
   xsi:schemaLocation="http://www.springframework.org/schema/beans http://www.springframework.org/schema/beans/spring-beans.xsd
      http://www.springframework.org/schema/context http://www.springframework.org/schema/context/spring-context.xsd
      http://www.springframework.org/schema/aop http://www.springframework.org/schema/aop/spring-aop-4.1.xsd
      http://www.springframework.org/schema/tx http://www.springframework.org/schema/tx/spring-tx-4.1.xsd">
   <!-- Root Context: defines shared resources visible to all other web components -->
      <!-- //Oracle 접속부분 --> 
   <context:property-placeholder   location="classpath:s20200503db/jdbc.properties"/>
   <bean id="dataSource" class="com.mchange.v2.c3p0.ComboPooledDataSource"
      destroy-method="close">
      <property name="driverClass" value="${jdbc.driverClassName}" />
      <property name="jdbcUrl" value="${jdbc.url}" />
      <property name="user" value="${jdbc.username}" />
      <property name="password" value="${jdbc.password}" />
      <property name="maxPoolSize" value="${jdbc.maxPoolSize}" />
   </bean>
   <!-- 스프링 jdbc 즉 스프링으로 oracle 디비 연결 -->
   <bean id="sqlSessionFactory" class="org.mybatis.spring.SqlSessionFactoryBean">
      <property name="dataSource" ref="dataSource" />
      <property name="configLocation" value="classpath:s20200503db/configuration.xml" />
   </bean>
   <bean id="session" class="org.mybatis.spring.SqlSessionTemplate">
      <constructor-arg index="0" ref="sqlSessionFactory" />
   </bean>
   
   
		<!-- 메일보내기 -->
    <bean id="mailSender" class="org.springframework.mail.javamail.JavaMailSenderImpl">
        <property name="host" value="smtp.gmail.com" />			<!-- 회사의 서버를 넣으면 된다 -->
		<property name="port" value="587" />
		<property name="username" value="springtest9202@gmail.com" />
		<property name="password" value="s20200503spring!@" /><!-- ktg -->
		<property name="javaMailProperties">
			<props>
				<prop key="mail.transport.protocol">smtp</prop>
				<prop key="mail.smtp.auth">true</prop>
				<prop key="mail.smtp.starttls.enable">true</prop>
				<prop key="mail.debug">true</prop>
			</props>
		</property>
	</bean>
</beans>