<?xml version="1.0" encoding="UTF-8"?>
<beans:beans xmlns="http://www.springframework.org/schema/mvc"
	xmlns:xsi="http://www.w3.org/2001/XMLSchema-instance"
	xmlns:beans="http://www.springframework.org/schema/beans"
	xmlns:context="http://www.springframework.org/schema/context"
	xsi:schemaLocation="http://www.springframework.org/schema/mvc http://www.springframework.org/schema/mvc/spring-mvc.xsd
		http://www.springframework.org/schema/beans http://www.springframework.org/schema/beans/spring-beans.xsd
		http://www.springframework.org/schema/context http://www.springframework.org/schema/context/spring-context.xsd">
	<!-- DispatcherServlet Context: defines this servlet's request-processing infrastructure -->
	<!-- Enables the Spring MVC @Controller programming model -->
	<annotation-driven />
	<!-- Handles HTTP GET requests for /resources/** by efficiently serving up static resources in the ${webappRoot}/resources directory -->
  <resources mapping="/resources/**" location="/resources/" />
  <resources mapping="/js/**"        location="/js/" />
  <resources mapping="/css/**" location="/css/" />
  <resources mapping="/img/**" location="/img/" />
  
  	<!-- <resources mapping="/upload/**" location="/upload/" /> -->
	<!--  <resources location="C:\\upload" mapping="C:\\upload\**" /> -->
	<!-- location : 물리적 주소 / mapping : 가상 주소 -->
 
	<!-- Resolves views selected for rendering by @Controllers to .jsp resources in the /WEB-INF/views directory -->
	<beans:bean class="org.springframework.web.servlet.view.InternalResourceViewResolver">
		<beans:property name="prefix" value="/WEB-INF/views/" />
		<beans:property name="suffix" value=".jsp" />
	</beans:bean>	
	<context:component-scan base-package="oracle.java.s20200503" />	
	
	<!--       File Upload Bean  Setting    -->
	<beans:bean id="multipartResolver"	class="org.springframework.web.multipart.commons.CommonsMultipartResolver">
		<beans:property name="maxUploadSize" value="10485762"></beans:property>
	</beans:bean>
	
	<!--       File Upload Path  Setting    -->
    <beans:bean id="uploadPath"  class="java.lang.String">
      <!--  <beans:constructor-arg value="C:\\log\\upload"></beans:constructor-arg>  -->
       <beans:constructor-arg value="C:\\upload"></beans:constructor-arg>  
     </beans:bean>
    
	<!--   interCepter.do를 호출할때 sampleInterceptor로 전달  -->
	<!-- <beans:bean id="sampleInterceptor" class="oracle.java.omyBatis3.service.SampleInterceptor"></beans:bean>
    <interceptors>
       <interceptor>
          <mapping path="/interCepter.do"/>
          <beans:ref bean="sampleInterceptor"/>
       </interceptor>
    </interceptors>  -->

</beans:beans>








